noise_sigma,repeat,TPR,Precision,TNR,weight_error,TP,FP,FN
0.0,1,1.0,1.0,1.0,0.01987283156628232,39,0,0
0.0,2,1.0,1.0,1.0,0.015408461169039349,39,0,0
0.0,3,1.0,1.0,1.0,0.018080217962672607,39,0,0
0.0,4,1.0,1.0,1.0,0.01895550481310573,39,0,0
0.0,5,1.0,1.0,1.0,0.013442050881065058,39,0,0
0.0,6,1.0,1.0,1.0,0.01587961976227115,39,0,0
0.0,7,1.0,1.0,1.0,0.012548517589645923,39,0,0
0.0,8,1.0,1.0,1.0,0.01640156656904868,39,0,0
0.0,9,1.0,1.0,1.0,0.017074169294321297,39,0,0
0.0,10,1.0,1.0,1.0,0.018670931718747414,39,0,0
0.0,11,1.0,1.0,1.0,0.015619005098081378,39,0,0
0.0,12,1.0,1.0,1.0,0.019297064932440756,39,0,0
0.0,13,1.0,1.0,1.0,0.016354598715755952,39,0,0
0.0,14,1.0,1.0,1.0,0.017951084491738416,39,0,0
0.0,15,1.0,1.0,1.0,0.017015639952413744,39,0,0
0.0,16,1.0,1.0,1.0,0.019390636035910278,39,0,0
0.0,17,1.0,1.0,1.0,0.018437271472643773,39,0,0
0.0,18,1.0,1.0,1.0,0.01465945336158281,39,0,0
0.0,19,1.0,1.0,1.0,0.018426045002835345,39,0,0
0.0,20,1.0,1.0,1.0,0.02060752453280103,39,0,0
0.0001,1,1.0,1.0,1.0,0.019877101769635346,39,0,0
0.0001,2,1.0,1.0,1.0,0.015408130413571952,39,0,0
0.0001,3,1.0,1.0,1.0,0.018080510168128155,39,0,0
0.0001,4,1.0,1.0,1.0,0.018955703424355538,39,0,0
0.0001,5,1.0,1.0,1.0,0.013441279581887037,39,0,0
0.0001,6,1.0,1.0,1.0,0.015888396465624257,39,0,0
0.0001,7,1.0,1.0,1.0,0.012550450697279072,39,0,0
0.0001,8,1.0,1.0,1.0,0.016410390212155783,39,0,0
0.0001,9,1.0,1.0,1.0,0.017074295723927237,39,0,0
0.0001,10,1.0,1.0,1.0,0.018678030204864016,39,0,0
0.0001,11,1.0,1.0,1.0,0.015622308892000895,39,0,0
0.0001,12,1.0,1.0,1.0,0.019301921192117842,39,0,0
0.0001,13,1.0,1.0,1.0,0.01635700552906357,39,0,0
0.0001,14,1.0,1.0,1.0,0.017956026823995684,39,0,0
0.0001,15,1.0,1.0,1.0,0.017013195865599073,39,0,0
0.0001,16,1.0,1.0,1.0,0.019397265852249,39,0,0
0.0001,17,1.0,1.0,1.0,0.018440767152780063,39,0,0
0.0001,18,1.0,1.0,1.0,0.01466481274345395,39,0,0
0.0001,19,1.0,1.0,1.0,0.01843047361334904,39,0,0
0.0001,20,1.0,1.0,1.0,0.020606707899571003,39,0,0
0.001,1,1.0,1.0,1.0,0.02028819727581799,39,0,0
0.001,2,1.0,1.0,1.0,0.015671970763874804,39,0,0
0.001,3,1.0,1.0,1.0,0.018433468644716747,39,0,0
0.001,4,1.0,1.0,1.0,0.019318518933116105,39,0,0
0.001,5,1.0,1.0,1.0,0.013760391803883457,39,0,0
0.001,6,1.0,1.0,1.0,0.01625972306440687,39,0,0
0.001,7,1.0,1.0,1.0,0.012967716809727812,39,0,0
0.001,8,1.0,1.0,1.0,0.016817323379678496,39,0,0
0.001,9,1.0,1.0,1.0,0.017375953485339223,39,0,0
0.001,10,1.0,1.0,1.0,0.019078406264330328,39,0,0
0.001,11,1.0,1.0,1.0,0.015995315366517254,39,0,0
0.001,12,1.0,1.0,1.0,0.01973234581070419,39,0,0
0.001,13,1.0,1.0,1.0,0.016695759759166155,39,0,0
0.001,14,1.0,1.0,1.0,0.018385631165820714,39,0,0
0.001,15,1.0,1.0,1.0,0.017344070104720794,39,0,0
0.001,16,1.0,1.0,1.0,0.019802662015417357,39,0,0
0.001,17,1.0,1.0,1.0,0.018839599542816606,39,0,0
0.001,18,1.0,1.0,1.0,0.015096651397928262,39,0,0
0.001,19,1.0,1.0,1.0,0.01881627331264925,39,0,0
0.001,20,1.0,1.0,1.0,0.020948534991505258,39,0,0
0.01,1,1.0,1.0,1.0,0.06887087990442076,39,0,0
0.01,2,1.0,1.0,1.0,0.06026891118655589,39,0,0
0.01,3,1.0,1.0,1.0,0.06545252539361959,39,0,0
0.01,4,1.0,1.0,1.0,0.06930004897222151,39,0,0
0.01,5,1.0,1.0,1.0,0.058178476091030815,39,0,0
0.01,6,1.0,1.0,1.0,0.06163374669977257,39,0,0
0.01,7,1.0,1.0,1.0,0.06225973642364105,39,0,0
0.01,8,1.0,1.0,1.0,0.0641464438716501,39,0,0
0.01,9,1.0,1.0,1.0,0.06441740540449091,39,0,0
0.01,10,1.0,1.0,1.0,0.06776315519182553,39,0,0
0.01,11,1.0,1.0,1.0,0.06275856000253324,39,0,0
0.01,12,1.0,1.0,1.0,0.06846669185777508,39,0,0
0.01,13,1.0,1.0,1.0,0.06581674983375427,39,0,0
0.01,14,1.0,1.0,1.0,0.06862855578934353,39,0,0
0.01,15,1.0,1.0,1.0,0.06529008595561137,39,0,0
0.01,16,1.0,1.0,1.0,0.06796853093236016,39,0,0
0.01,17,1.0,1.0,1.0,0.06666107583552121,39,0,0
0.01,18,1.0,1.0,1.0,0.06436456591338809,39,0,0
0.01,19,1.0,1.0,1.0,0.06649838726187193,39,0,0
0.01,20,1.0,1.0,1.0,0.06756899786766238,39,0,0
0.02,1,1.0,1.0,1.0,0.20629318846690434,39,0,0
0.02,2,1.0,1.0,1.0,0.19200362490210288,39,0,0
0.02,3,1.0,1.0,1.0,0.199890878589493,39,0,0
0.02,4,1.0,1.0,1.0,0.21220022189636406,39,0,0
0.02,5,1.0,1.0,1.0,0.18591255164429799,39,0,0
0.02,6,1.0,1.0,1.0,0.19332730436224402,39,0,0
0.02,7,1.0,1.0,1.0,0.19721329591326747,39,0,0
0.02,8,1.0,1.0,1.0,0.20001418552186587,39,0,0
0.02,9,1.0,1.0,1.0,0.20137002865228218,39,0,0
0.02,10,1.0,1.0,1.0,0.20656185775634228,39,0,0
0.02,11,1.0,1.0,1.0,0.1954623677051999,39,0,0
0.02,12,1.0,1.0,1.0,0.2054279820017708,39,0,0
0.02,13,1.0,1.0,1.0,0.20718575602937542,39,0,0
0.02,14,1.0,1.0,1.0,0.2094736791963744,39,0,0
0.02,15,1.0,1.0,1.0,0.20179451887158664,39,0,0
0.02,16,1.0,1.0,1.0,0.20484884066118283,39,0,0
0.02,17,1.0,1.0,1.0,0.20204170685582815,39,0,0
0.02,18,1.0,1.0,1.0,0.20083582010136952,39,0,0
0.02,19,1.0,1.0,1.0,0.20314201316256705,39,0,0
0.02,20,1.0,1.0,1.0,0.20206208205270634,39,0,0
0.03,1,1.0,0.975,0.9803921568627451,0.3905349601513816,39,1,0
0.03,2,1.0,0.975,0.9803921568627451,0.3692974713491971,39,1,0
0.03,3,1.0,1.0,1.0,0.3808545734972888,39,0,0
0.03,4,1.0,0.975,0.9803921568627451,0.4022127548075216,39,1,0
0.03,5,1.0,1.0,1.0,0.3602842431388342,39,0,0
0.03,6,1.0,1.0,1.0,0.3718082171130129,39,0,0
0.03,7,1.0,1.0,1.0,0.37739919702766583,39,0,0
0.03,8,1.0,1.0,1.0,0.38333407551889825,39,0,0
0.03,9,1.0,1.0,1.0,0.38488888425193496,39,0,0
0.03,10,1.0,1.0,1.0,0.39157631952213506,39,0,0
0.03,11,1.0,0.975,0.9803921568627451,0.37423487148808476,39,1,0
0.03,12,1.0,1.0,1.0,0.3902033687367197,39,0,0
0.03,13,1.0,0.975,0.9803921568627451,0.39484103145613336,39,1,0
0.03,14,1.0,1.0,1.0,0.3972151664619665,39,0,0
0.03,15,1.0,1.0,1.0,0.38433923038242074,39,0,0
0.03,16,1.0,0.9512195121951219,0.9607843137254902,0.38780318332717467,39,2,0
0.03,17,1.0,1.0,1.0,0.3848407545888952,39,0,0
0.03,18,1.0,0.975,0.9803921568627451,0.38397231720781805,39,1,0
0.03,19,1.0,1.0,1.0,0.3876430322961558,39,0,0
0.03,20,1.0,1.0,1.0,0.3834059628558004,39,0,0
0.04,1,1.0,0.9069767441860465,0.9215686274509803,0.5877715701369535,39,4,0
0.04,2,1.0,0.8666666666666667,0.8823529411764706,0.5594868012775293,39,6,0
0.04,3,1.0,0.9512195121951219,0.9607843137254902,0.5754215339265123,39,2,0
0.04,4,1.0,0.8666666666666667,0.8823529411764706,0.6038228048980416,39,6,0
0.04,5,1.0,0.9512195121951219,0.9607843137254902,0.5500654500150945,39,2,0
0.04,6,1.0,0.9285714285714286,0.9411764705882353,0.5651860357507578,39,3,0
0.04,7,1.0,0.9512195121951219,0.9607843137254902,0.5705368688378647,39,2,0
0.04,8,1.0,0.8666666666666667,0.8823529411764706,0.5804474451304031,39,6,0
0.04,9,1.0,0.9069767441860465,0.9215686274509803,0.581470625377166,39,4,0
0.04,10,1.0,0.9512195121951219,0.9607843137254902,0.5887910404315866,39,2,0
0.04,11,1.0,0.8666666666666667,0.8823529411764706,0.5667388798248525,39,6,0
0.04,12,1.0,0.9285714285714286,0.9411764705882353,0.5886018815549562,39,3,0
0.04,13,1.0,0.8666666666666667,0.8823529411764706,0.5937144708973136,39,6,0
0.04,14,1.0,0.8666666666666667,0.8823529411764706,0.5970475288405047,39,6,0
0.04,15,1.0,0.9069767441860465,0.9215686274509803,0.5794984805827429,39,4,0
0.04,16,1.0,0.9069767441860465,0.9215686274509803,0.5836241133101147,39,4,0
0.04,17,1.0,0.9069767441860465,0.9215686274509803,0.5817386402220629,39,4,0
0.04,18,1.0,0.9512195121951219,0.9607843137254902,0.580995893702611,39,2,0
0.04,19,1.0,0.9512195121951219,0.9607843137254902,0.586502504135207,39,2,0
0.04,20,1.0,0.9069767441860465,0.9215686274509803,0.5781274520367047,39,4,0
0.05,1,1.0,0.8666666666666667,0.8823529411764706,0.7780468065765023,39,6,0
0.05,2,1.0,0.8478260869565217,0.8627450980392157,0.7432744847842917,39,7,0
0.05,3,1.0,0.8478260869565217,0.8627450980392157,0.7640890909373824,39,7,0
0.05,4,1.0,0.78,0.7843137254901961,0.7967616853491618,39,11,0
0.05,5,1.0,0.8297872340425532,0.8431372549019608,0.7356651356320747,39,8,0
0.05,6,1.0,0.8125,0.8235294117647058,0.7540044635349937,39,9,0
0.05,7,1.0,0.8666666666666667,0.8823529411764706,0.7576014677236299,39,6,0
0.05,8,1.0,0.8125,0.8235294117647058,0.7710598931296574,39,9,0
0.05,9,1.0,0.8478260869565217,0.8627450980392157,0.7714394818545256,39,7,0
0.05,10,1.0,0.8297872340425532,0.8431372549019608,0.7784845592424248,39,8,0
0.05,11,1.0,0.8125,0.8235294117647058,0.7535936548064468,39,9,0
0.05,12,1.0,0.8297872340425532,0.8431372549019608,0.7800229738619926,39,8,0
0.05,13,1.0,0.8666666666666667,0.8823529411764706,0.7841659868321461,39,6,0
0.05,14,1.0,0.8125,0.8235294117647058,0.78901062085028,39,9,0
0.05,15,1.0,0.8297872340425532,0.8431372549019608,0.7678910477710094,39,8,0
0.05,16,1.0,0.7959183673469388,0.803921568627451,0.7728947764157755,39,10,0
0.05,17,1.0,0.8478260869565217,0.8627450980392157,0.7726026879864913,39,7,0
0.05,18,1.0,0.8297872340425532,0.8431372549019608,0.7721753995125381,39,8,0
0.05,19,1.0,0.7959183673469388,0.803921568627451,0.7794329188840898,39,10,0
0.05,20,1.0,0.7959183673469388,0.803921568627451,0.7663987744797527,39,10,0
0.06,1,1.0,0.8125,0.8235294117647058,0.9523269887497944,39,9,0
0.06,2,1.0,0.7358490566037735,0.7254901960784313,0.9119536833662902,39,14,0
0.06,3,1.0,0.7959183673469388,0.803921568627451,0.9378198963656501,39,10,0
0.06,4,1.0,0.75,0.7450980392156863,0.972171313912687,39,13,0
0.06,5,1.0,0.7647058823529411,0.7647058823529411,0.9074894287915123,39,12,0
0.06,6,1.0,0.7647058823529411,0.7647058823529411,0.9289095373068497,39,12,0
0.06,7,1.0,0.7959183673469388,0.803921568627451,0.9298166594206122,39,10,0
0.06,8,1.0,0.78,0.7843137254901961,0.9458190753382809,39,11,0
0.06,9,1.0,0.78,0.7843137254901961,0.9458088450195491,39,11,0
0.06,10,1.0,0.7959183673469388,0.803921568627451,0.9518753825583987,39,10,0
0.06,11,1.0,0.75,0.7450980392156863,0.9258665231233619,39,13,0
0.06,12,1.0,0.7358490566037735,0.7254901960784313,0.9551013482014158,39,14,0
0.06,13,1.0,0.8297872340425532,0.8431372549019608,0.9578099047491501,39,8,0
0.06,14,1.0,0.78,0.7843137254901961,0.964371496613584,39,11,0
0.06,15,1.0,0.7647058823529411,0.7647058823529411,0.9407893521228403,39,12,0
0.06,16,1.0,0.7647058823529411,0.7647058823529411,0.9467377987811127,39,12,0
0.06,17,1.0,0.8125,0.8235294117647058,0.9480756992585597,39,9,0
0.06,18,1.0,0.7959183673469388,0.803921568627451,0.948212782059423,39,10,0
0.06,19,1.0,0.75,0.7450980392156863,0.9568201128251833,39,13,0
0.06,20,1.0,0.7222222222222222,0.7058823529411765,0.939189667030118,39,15,0
0.07,1,1.0,0.8125,0.8235294117647058,1.107991481780813,39,9,0
0.07,2,1.0,0.7222222222222222,0.7058823529411765,1.062988054817363,39,15,0
0.07,3,1.0,0.7090909090909091,0.6862745098039216,1.0937714898353244,39,16,0
0.07,4,1.0,0.6964285714285714,0.6666666666666666,1.1277571682625658,39,17,0
0.07,5,1.0,0.7222222222222222,0.7058823529411765,1.0622299049806738,39,15,0
0.07,6,1.0,0.7358490566037735,0.7254901960784313,1.0867199714584654,39,14,0
0.07,7,1.0,0.7647058823529411,0.7647058823529411,1.0844222328103779,39,12,0
0.07,8,1.0,0.7358490566037735,0.7254901960784313,1.1019269373170644,39,14,0
0.07,9,1.0,0.7647058823529411,0.7647058823529411,1.101885044782076,39,12,0
0.07,10,1.0,0.78,0.7843137254901961,1.10656705897537,39,11,0
0.07,11,1.0,0.7358490566037735,0.7254901960784313,1.0807848457907967,39,14,0
0.07,12,1.0,0.6842105263157895,0.6470588235294118,1.1111632168725918,39,18,0
0.07,13,1.0,0.8125,0.8235294117647058,1.112498337422928,39,9,0
0.07,14,1.0,0.75,0.7450980392156863,1.1207471922996655,39,13,0
0.07,15,1.0,0.7358490566037735,0.7254901960784313,1.09560253412318,39,14,0
0.07,16,1.0,0.75,0.7450980392156863,1.1024889571357015,39,13,0
0.07,17,1.0,0.7222222222222222,0.7058823529411765,1.1052715283335124,39,15,0
0.07,18,1.0,0.75,0.7450980392156863,1.106109432846398,39,13,0
0.07,19,1.0,0.7358490566037735,0.7254901960784313,1.1155677557127852,39,14,0
0.07,20,1.0,0.7090909090909091,0.6862745098039216,1.0938214680145333,39,16,0
0.08,1,1.0,0.7647058823529411,0.7647058823529411,1.2455611432647329,39,12,0
0.08,2,1.0,0.6724137931034483,0.6274509803921569,1.1968723154687009,39,19,0
0.08,3,1.0,0.7090909090909091,0.6862745098039216,1.232169335117127,39,16,0
0.08,4,1.0,0.6842105263157895,0.6470588235294118,1.2643505333511018,39,18,0
0.08,5,1.0,0.6842105263157895,0.6470588235294118,1.1998409807321797,39,18,0
0.08,6,1.0,0.6842105263157895,0.6470588235294118,1.2274066245523816,39,18,0
0.08,7,1.0,0.7090909090909091,0.6862745098039216,1.221669293853589,39,16,0
0.08,8,1.0,0.6964285714285714,0.6666666666666666,1.239827341813153,39,17,0
0.08,9,1.0,0.75,0.7450980392156863,1.240089129106587,39,13,0
0.08,10,1.0,0.7647058823529411,0.7647058823529411,1.2432217497123843,39,12,0
0.08,11,1.0,0.6964285714285714,0.6666666666666666,1.2186165157449445,39,17,0
0.08,12,1.0,0.6842105263157895,0.6470588235294118,1.2488049167005588,39,18,0
0.08,13,1.0,0.78,0.7843137254901961,1.2490178213018726,39,11,0
0.08,14,1.0,0.7358490566037735,0.7254901960784313,1.2587753575041811,39,14,0
0.08,15,1.0,0.7222222222222222,0.7058823529411765,1.2327339881086492,39,15,0
0.08,16,1.0,0.7358490566037735,0.7254901960784313,1.240541282107184,39,14,0
0.08,17,1.0,0.6842105263157895,0.6470588235294118,1.244517057373665,39,18,0
0.08,18,1.0,0.7358490566037735,0.7254901960784313,1.246047512100877,39,14,0
0.08,19,1.0,0.7358490566037735,0.7254901960784313,1.2558926476948808,39,14,0
0.08,20,1.0,0.6842105263157895,0.6470588235294118,1.2307415544298028,39,18,0
0.09,1,1.0,0.75,0.7450980392156863,1.3668073805771683,39,13,0
0.09,2,1.0,0.6724137931034483,0.6274509803921569,1.315289185099145,39,19,0
0.09,3,1.0,0.6724137931034483,0.6274509803921569,1.3545575722866665,39,19,0
0.09,4,1.0,0.6610169491525424,0.6078431372549019,1.3840049691678584,39,20,0
0.09,5,1.0,0.6842105263157895,0.6470588235294118,1.321705336015903,39,18,0
0.09,6,1.0,0.6724137931034483,0.6274509803921569,1.3523116984624903,39,19,0
0.09,7,1.0,0.6724137931034483,0.6274509803921569,1.3430752005783035,39,19,0
0.09,8,1.0,0.6724137931034483,0.6274509803921569,1.3612869889303119,39,19,0
0.09,9,1.0,0.7090909090909091,0.6862745098039216,1.3621176671485906,39,16,0
0.09,10,1.0,0.7358490566037735,0.7254901960784313,1.3636997516934246,39,14,0
0.09,11,1.0,0.6724137931034483,0.6274509803921569,1.3408772345258755,39,19,0
0.09,12,1.0,0.6724137931034483,0.6274509803921569,1.3699261612644364,39,19,0
0.09,13,1.0,0.7647058823529411,0.7647058823529411,1.3692787626937037,39,12,0
0.09,14,1.0,0.7090909090909091,0.6862745098039216,1.3802940612190946,39,16,0
0.09,15,1.0,0.6842105263157895,0.6470588235294118,1.3538234402975573,39,18,0
0.09,16,1.0,0.7222222222222222,0.7058823529411765,1.3625513168912404,39,15,0
0.09,17,1.0,0.6610169491525424,0.6078431372549019,1.367481690543626,39,20,0
0.09,18,1.0,0.7222222222222222,0.7058823529411765,1.369587759229918,39,15,0
0.09,19,1.0,0.7358490566037735,0.7254901960784313,1.3794340570982644,39,14,0
0.09,20,1.0,0.6842105263157895,0.6470588235294118,1.3516590125721215,39,18,0
0.1,1,1.0,0.7358490566037735,0.7254901960784313,1.4738418188688285,39,14,0
0.1,2,1.0,0.6724137931034483,0.6274509803921569,1.4202415334734988,39,19,0
0.1,3,1.0,0.65,0.5882352941176471,1.4628712958578707,39,21,0
0.1,4,1.0,0.6610169491525424,0.6078431372549019,1.4890447798636224,39,20,0
0.1,5,1.0,0.6842105263157895,0.6470588235294118,1.4296823403169778,39,18,0
0.1,6,1.0,0.6724137931034483,0.6274509803921569,1.4632417926874064,39,19,0
0.1,7,1.0,0.6610169491525424,0.6078431372549019,1.4505493029788448,39,20,0
0.1,8,1.0,0.6724137931034483,0.6274509803921569,1.468434671905682,39,19,0
0.1,9,1.0,0.6964285714285714,0.6666666666666666,1.4700174352992457,39,17,0
0.1,10,1.0,0.6964285714285714,0.6666666666666666,1.4701506604206527,39,17,0
0.1,11,1.0,0.6724137931034483,0.6274509803921569,1.4494539276265292,39,19,0
0.1,12,1.0,0.6724137931034483,0.6274509803921569,1.476745742835891,39,19,0
0.1,13,1.0,0.7647058823529411,0.7647058823529411,1.475450764005786,39,12,0
0.1,14,1.0,0.6842105263157895,0.6470588235294118,1.4874478275058967,39,18,0
0.1,15,1.0,0.6842105263157895,0.6470588235294118,1.4608605223932807,39,18,0
0.1,16,1.0,0.7358490566037735,0.7254901960784313,1.4705343801756363,39,14,0
0.1,17,1.0,0.65,0.5882352941176471,1.476214394380719,39,21,0
0.1,18,1.0,0.7222222222222222,0.7058823529411765,1.4787233850858166,39,15,0
0.1,19,1.0,0.6842105263157895,0.6470588235294118,1.4882745369663177,39,18,0
0.1,20,1.0,0.6842105263157895,0.6470588235294118,1.4586346295515034,39,18,0
